Mutation,WT_Contacts,Mut_Contacts,Contacts_Lost,Contacts_Gained,Contacts_Preserved,Net_Change,Preservation_Rate,DBD_Contacts_Lost,DBD_Contact_Loss_Pct
I195T,554,543,15,4,539,-11,97.29,14,2.7
E258K,554,549,14,9,540,-5,97.47,9,1.73
P278R,554,552,14,12,540,-2,97.47,14,2.7
L344R,554,548,12,6,542,-6,97.83,11,2.12
H179Q,554,547,12,5,542,-7,97.83,12,2.31
H193R,554,547,12,5,542,-7,97.83,12,2.31
G266V,554,548,12,6,542,-6,97.83,12,2.31
C238Y,554,548,12,6,542,-6,97.83,12,2.31
R196Q,554,546,12,4,542,-8,97.83,11,2.12
R249S,554,547,12,5,542,-7,97.83,12,2.31
N239D,554,547,12,5,542,-7,97.83,11,2.12
E286K,554,549,11,6,543,-5,98.01,9,1.73
W91L,554,545,11,2,543,-9,98.01,11,2.12
W146C,554,556,11,13,543,2,98.01,11,2.12
K372S,554,547,10,3,544,-7,98.19,9,1.73
K292R,554,547,10,3,544,-7,98.19,9,1.73
P36G,554,552,10,8,544,-2,98.19,10,1.93
R248Q,554,549,10,5,544,-5,98.19,9,1.73
R249T,554,547,10,3,544,-7,98.19,9,1.73
C242S,554,547,10,3,544,-7,98.19,9,1.73
G108L,554,550,10,6,544,-4,98.19,10,1.93
F54S,554,551,10,7,544,-3,98.19,10,1.93
Q331R,554,547,10,3,544,-7,98.19,9,1.73
P85S,554,547,9,2,545,-7,98.38,8,1.54
G245D,554,549,9,4,545,-5,98.38,9,1.73
H179R,554,551,9,6,545,-3,98.38,8,1.54
N247D,554,552,9,7,545,-2,98.38,9,1.73
G245S,554,551,9,6,545,-3,98.38,8,1.54
P72R,554,551,9,6,545,-3,98.38,8,1.54
R175C,554,551,9,6,545,-3,98.38,8,1.54
D281E,554,552,9,7,545,-2,98.38,8,1.54
E221K,554,549,9,4,545,-5,98.38,8,1.54
S240N,554,550,9,5,545,-4,98.38,9,1.73
T155I,554,550,9,5,545,-4,98.38,9,1.73
R248G,554,550,8,4,546,-4,98.56,7,1.35
R267W,554,560,8,14,546,6,98.56,7,1.35
C141Y,554,559,8,13,546,5,98.56,7,1.35
C135Y,554,554,8,8,546,0,98.56,7,1.35
P250L,554,550,8,4,546,-4,98.56,8,1.54
N210S,554,549,8,3,546,-5,98.56,7,1.35
A159V,554,552,8,6,546,-2,98.56,7,1.35
R110P,554,554,8,8,546,0,98.56,7,1.35
R175H,554,552,8,6,546,-2,98.56,8,1.54
R175G,554,558,8,12,546,4,98.56,8,1.54
T125M,554,562,8,16,546,8,98.56,8,1.54
R282W,554,552,8,6,546,-2,98.56,8,1.54
R342P,554,551,8,5,546,-3,98.56,8,1.54
R306P,554,551,8,5,546,-3,98.56,7,1.35
I251F,554,551,7,4,547,-3,98.74,7,1.35
M40N,554,551,7,4,547,-3,98.74,6,1.16
N29S,554,554,7,7,547,0,98.74,6,1.16
Y234C,554,552,7,5,547,-2,98.74,7,1.35
T253I,554,553,7,6,547,-1,98.74,6,1.16
Y126D,554,560,7,13,547,6,98.74,7,1.35
S46E,554,553,7,6,547,-1,98.74,6,1.16
R158H,554,558,7,11,547,4,98.74,6,1.16
V272M,554,557,7,10,547,3,98.74,7,1.35
K164E,554,550,7,3,547,-4,98.74,6,1.16
K319T,554,553,7,6,547,-1,98.74,6,1.16
E339D,554,552,7,5,547,-2,98.74,6,1.16
A276V,554,552,7,5,547,-2,98.74,5,0.96
A189V,554,556,7,9,547,2,98.74,7,1.35
K382R,554,552,7,5,547,-2,98.74,6,1.16
N345S,554,554,7,7,547,0,98.74,6,1.16
P34L,554,548,7,1,547,-6,98.74,7,1.35
Y220S,554,561,6,13,548,7,98.92,5,0.96
P47S,554,555,6,7,548,1,98.92,6,1.16
Q375H,554,553,6,5,548,-1,98.92,6,1.16
R249G,554,552,6,4,548,-2,98.92,6,1.16
R158L,554,556,6,8,548,2,98.92,5,0.96
Y163C,554,555,6,7,548,1,98.92,6,1.16
V31I,554,552,6,4,548,-2,98.92,6,1.16
H380R,554,555,6,7,548,1,98.92,5,0.96
G244C,554,561,6,13,548,7,98.92,6,1.16
L22F,554,554,6,6,548,0,98.92,5,0.96
D21N,554,553,6,5,548,-1,98.92,5,0.96
D393E,554,553,6,5,548,-1,98.92,6,1.16
R282Q,554,554,6,6,548,0,98.92,6,1.16
R156H,554,559,6,11,548,5,98.92,5,0.96
R248L,554,558,6,10,548,4,98.92,5,0.96
C176S,554,556,6,8,548,2,98.92,6,1.16
A138V,554,554,6,6,548,0,98.92,5,0.96
F270L,554,555,6,7,548,1,98.92,5,0.96
E326N,554,553,6,5,548,-1,98.92,6,1.16
E294G,554,552,6,4,548,-2,98.92,6,1.16
L194R,554,557,6,9,548,3,98.92,5,0.96
C176R,554,556,5,7,549,2,99.1,4,0.77
E285K,554,560,5,11,549,6,99.1,5,0.96
P71V,554,554,5,5,549,0,99.1,4,0.77
V143A,554,554,5,5,549,0,99.1,4,0.77
S378Q,554,554,5,5,549,0,99.1,4,0.77
F113N,554,552,5,3,549,-2,99.1,4,0.77
L25V,554,561,5,12,549,7,99.1,5,0.96
P152L,554,559,5,10,549,5,99.1,5,0.96
G302R,554,556,5,7,549,2,99.1,4,0.77
D281G,554,558,5,9,549,4,99.1,5,0.96
S313R,554,554,5,5,549,0,99.1,4,0.77
R337H,554,556,5,7,549,2,99.1,4,0.77
R280K,554,556,5,7,549,2,99.1,5,0.96
V217M,554,553,5,4,549,-1,99.1,5,0.96
W23R,554,555,4,5,550,1,99.28,3,0.58
S241F,554,559,4,9,550,5,99.28,3,0.58
S166L,554,561,4,11,550,7,99.28,4,0.77
K132R,554,553,4,3,550,-1,99.28,3,0.58
F341K,554,555,4,5,550,1,99.28,4,0.77
C242F,554,559,4,9,550,5,99.28,4,0.77
D49R,554,560,4,10,550,6,99.28,4,0.77
R273L,554,561,4,11,550,7,99.28,3,0.58
E56D,554,558,4,8,550,4,99.28,4,0.77
M237I,554,557,4,7,550,3,99.28,4,0.77
L14V,554,557,4,7,550,3,99.28,4,0.77
R273H,554,559,4,9,550,5,99.28,4,0.77
R213Q,554,556,4,6,550,2,99.28,4,0.77
R248W,554,555,4,5,550,1,99.28,4,0.77
S366A,554,554,4,4,550,0,99.28,4,0.77
C176F,554,564,3,13,551,10,99.46,3,0.58
R273C,554,557,3,6,551,3,99.46,2,0.39
Q5T,554,562,3,11,551,8,99.46,3,0.58
G187T,554,561,3,10,551,7,99.46,3,0.58
P278S,554,564,3,13,551,10,99.46,3,0.58
Y220N,554,558,3,7,551,4,99.46,2,0.39
V173L,554,564,3,13,551,10,99.46,3,0.58
R280T,554,561,3,10,551,7,99.46,3,0.58
T387V,554,563,3,12,551,9,99.46,3,0.58
L130F,554,555,2,3,552,1,99.64,2,0.39
E352D,554,560,2,8,552,6,99.64,2,0.39
V157F,554,559,2,7,552,5,99.64,2,0.39
Y220C,554,563,2,11,552,9,99.64,2,0.39
