Mutation,WT_Contacts,Mut_Contacts,Contacts_Lost,Contacts_Gained,Contacts_Preserved,Net_Change,Preservation_Rate,DBD_Contacts_Lost,DBD_Contact_Loss_Pct
I195T,554,543,15,4,539,-11,97.29,14,2.7
R249S,554,547,12,5,542,-7,97.83,12,2.31
L344R,554,548,12,6,542,-6,97.83,11,2.12
N239D,554,547,12,5,542,-7,97.83,11,2.12
H193R,554,547,12,5,542,-7,97.83,12,2.31
R248Q,554,549,10,5,544,-5,98.19,9,1.73
R175C,554,551,9,6,545,-3,98.38,8,1.54
G245S,554,551,9,6,545,-3,98.38,8,1.54
H179R,554,551,9,6,545,-3,98.38,8,1.54
P72R,554,551,9,6,545,-3,98.38,8,1.54
N247D,554,552,9,7,545,-2,98.38,9,1.73
G245D,554,549,9,4,545,-5,98.38,9,1.73
R175G,554,558,8,12,546,4,98.56,8,1.54
C135Y,554,554,8,8,546,0,98.56,7,1.35
R175H,554,552,8,6,546,-2,98.56,8,1.54
R282W,554,552,8,6,546,-2,98.56,8,1.54
R342P,554,551,8,5,546,-3,98.56,8,1.54
T125M,554,562,8,16,546,8,98.56,8,1.54
A189V,554,556,7,9,547,2,98.74,7,1.35
R158H,554,558,7,11,547,4,98.74,6,1.16
N345S,554,554,7,7,547,0,98.74,6,1.16
K382R,554,552,7,5,547,-2,98.74,6,1.16
V272M,554,557,7,10,547,3,98.74,7,1.35
A138V,554,554,6,6,548,0,98.92,5,0.96
P47S,554,555,6,7,548,1,98.92,6,1.16
R282Q,554,554,6,6,548,0,98.92,6,1.16
R158L,554,556,6,8,548,2,98.92,5,0.96
L194R,554,557,6,9,548,3,98.92,5,0.96
R249G,554,552,6,4,548,-2,98.92,6,1.16
L22F,554,554,6,6,548,0,98.92,5,0.96
R248L,554,558,6,10,548,4,98.92,5,0.96
Y220S,554,561,6,13,548,7,98.92,5,0.96
R280K,554,556,5,7,549,2,99.1,5,0.96
R337H,554,556,5,7,549,2,99.1,4,0.77
E285K,554,560,5,11,549,6,99.1,5,0.96
V143A,554,554,5,5,549,0,99.1,4,0.77
D281G,554,558,5,9,549,4,99.1,5,0.96
R273H,554,559,4,9,550,5,99.28,4,0.77
R213Q,554,556,4,6,550,2,99.28,4,0.77
R248W,554,555,4,5,550,1,99.28,4,0.77
M237I,554,557,4,7,550,3,99.28,4,0.77
R273L,554,561,4,11,550,7,99.28,3,0.58
S241F,554,559,4,9,550,5,99.28,3,0.58
W23R,554,555,4,5,550,1,99.28,3,0.58
K132R,554,553,4,3,550,-1,99.28,3,0.58
C176F,554,564,3,13,551,10,99.46,3,0.58
R273C,554,557,3,6,551,3,99.46,2,0.39
P278S,554,564,3,13,551,10,99.46,3,0.58
V157F,554,559,2,7,552,5,99.64,2,0.39
Y220C,554,563,2,11,552,9,99.64,2,0.39
